metric,mean,std
test_acc,0.9861111111111112,0.0
test_macro_f1,0.9860139860139862,0.0
n_seeds,1.0,0.0
