subject,test_macro_acc,test_loss,train_seconds,wallclock_seconds,arm,seed
1,0.84375,0.42077957973298097,477.79818630218506,482.38131165504456,e1,1
2,0.5694444444444444,1.6322022063864603,476.97369265556335,481.5592918395996,e1,1
3,0.8368055555555556,0.4618101669992838,478.210923910141,482.844553232193,e1,1
4,0.6805555555555556,1.141491079909934,476.40998220443726,481.02831268310547,e1,1
5,0.625,1.315573151740763,476.4456400871277,481.0311539173126,e1,1
6,0.46875,1.990739709387223,477.349844455719,481.9445242881775,e1,1
7,0.8645833333333334,0.39638677337724304,477.2041246891022,481.81048560142517,e1,1
8,0.7777777777777778,0.7077216495138904,477.1812479496002,481.7670454978943,e1,1
9,0.7083333333333334,0.8961017417928411,476.55162954330444,481.17123651504517,e1,1
