dataset,arm,seed,test_acc,test_macro_f1,wallclock_seconds
racketsports,e2,1,0.8223684210526315,0.8296255002845401,63.9702308177948
