dataset,arm,seed,test_acc,test_macro_f1,wallclock_seconds
libras,e0,1,0.9166666666666666,0.9160939511374295,4.471065998077393
