metric,mean,std
test_acc,0.43243243243243246,0.0
test_macro_f1,0.40775883838383836,0.0
n_seeds,1.0,0.0
