dataset,arm,seed,test_acc,test_macro_f1,wallclock_seconds
natops,e2,1,0.9444444444444444,0.9433461909353905,25.83936643600464
