dataset,arm,seed,test_acc,test_macro_f1,wallclock_seconds
selfregulationscp1,e2,1,0.8395904436860068,0.8386809582381538,22.036820650100708
