metric,mean,std
test_acc,0.9735324058364438,0.0
test_macro_f1,0.9743822388598082,0.0
n_seeds,1.0,0.0
