dataset,arm,seed,test_acc,test_macro_f1,wallclock_seconds
har,e2,1,0.9474041398031897,0.9476253934423648,3426.604578256607
