metric,mean,std
test_acc,0.9654088050314465,0.0
test_macro_f1,0.9657689720231704,0.0
n_seeds,1.0,0.0
