dataset,arm,seed,test_acc,test_macro_f1,wallclock_seconds
ering,e0,1,0.8555555555555555,0.8569646562643167,3.6910276412963867
