metric,mean,std
test_acc,0.8618421052631579,0.0
test_macro_f1,0.8697395035544558,0.0
n_seeds,1.0,0.0
