subject,test_macro_acc,test_loss,train_seconds,wallclock_seconds,arm,seed
1,0.8090277777777778,0.5308676412742999,489.2602970600128,493.91234731674194,e2,1
2,0.5763888888888888,1.8510864182478852,487.89729499816895,492.53240156173706,e2,1
3,0.84375,0.5285896323362572,488.8605237007141,493.5241358280182,e2,1
4,0.6840277777777778,1.2742492992223964,487.08033084869385,491.69599890708923,e2,1
5,0.6076388888888888,1.447469820992814,487.2516117095947,491.90295600891113,e2,1
6,0.4722222222222222,1.9951135747962527,488.05574798583984,492.69502568244934,e2,1
7,0.8645833333333334,0.4092561296808223,487.5370841026306,492.20491337776184,e2,1
8,0.7430555555555556,0.8730528272895349,487.259437084198,491.88632249832153,e2,1
9,0.7152777777777778,0.8765867317302359,487.0992262363434,491.71316361427307,e2,1
