subject,test_macro_acc,test_loss,train_seconds,wallclock_seconds,arm,seed
9,0.7083333333333334,0.9675445109605789,9734.456142902374,9777.433368206024,e2,1
