dataset,arm,seed,test_acc,test_macro_f1,wallclock_seconds
racketsports,e0,1,0.3618421052631579,0.30034036012296883,0.13925933837890625
