subject,test_macro_acc,test_loss,train_seconds,wallclock_seconds,arm,seed
1,0.8402777777777778,0.4257039333590203,4759.132210731506,4802.906933784485,e0,1
