dataset,arm,seed,test_acc,test_macro_f1,wallclock_seconds
pendigits,e0,1,0.9879931389365352,0.9878619754127435,54.180245876312256
