dataset,arm,seed,test_acc,test_macro_f1,wallclock_seconds
japanesevowels,e2,1,0.9864864864864865,0.9841534460035744,203.36703753471375
