dataset,arm,seed,test_acc,test_macro_f1,wallclock_seconds
selfregulationscp1,e0,1,0.8054607508532423,0.8013795564012607,0.6056885719299316
