metric,mean,std
test_acc,0.9166666666666666,0.0
test_macro_f1,0.9157415402632796,0.0
n_seeds,1.0,0.0
