dataset,arm,seed,test_acc,test_macro_f1,wallclock_seconds
natops,e2,1,0.9777777777777777,0.9774264897215716,100.17062211036682
