dataset,arm,seed,test_acc,test_macro_f1,wallclock_seconds
libras,e2,1,0.9444444444444444,0.9446561393517918,221.30775094032288
