dataset,arm,seed,test_acc,test_macro_f1,wallclock_seconds
natops,e2,1,0.8833333333333333,0.877293923358632,7.22956109046936
