dataset,variant,val_macro_f1_mean,val_macro_f1_std,test_macro_f1_mean,test_macro_f1_std,val_acc_mean,val_acc_std,test_acc_mean,test_acc_std,val_macro_f1,test_macro_f1,val_acc,test_acc,best_epoch_mean
selfregulationscp1,dual_stream,0.8504464285714286,0.0,0.7873032971150244,0.0,0.8507462686567164,0.0,0.78839590443686,0.0,0.8504 +/- 0.0000,0.7873 +/- 0.0000,0.8507 +/- 0.0000,0.7884 +/- 0.0000,2.0
selfregulationscp1,manifold_only,0.6865671641791045,0.0,0.5060211946050096,0.0,0.6865671641791045,0.0,0.5221843003412969,0.0,0.6866 +/- 0.0000,0.5060 +/- 0.0000,0.6866 +/- 0.0000,0.5222 +/- 0.0000,3.0
selfregulationscp1,spatial_only,0.8504464285714286,0.0,0.8495331465919701,0.0,0.8507462686567164,0.0,0.8498293515358362,0.0,0.8504 +/- 0.0000,0.8495 +/- 0.0000,0.8507 +/- 0.0000,0.8498 +/- 0.0000,3.0
