subject,test_macro_acc,test_loss,train_seconds,wallclock_seconds,arm,seed
1,0.8402777777777778,0.42582244105223155,483.40754890441895,488.04868817329407,e0,1
