metric,mean,std
test_acc,0.5111111111111111,0.0
test_macro_f1,0.5111111111111111,0.0
n_seeds,1.0,0.0
