dataset,arm,seed,test_acc,test_macro_f1,wallclock_seconds
epilepsy,e2,1,0.9565217391304348,0.9557835536094484,15.90730357170105
