metric,mean,std
test_acc,0.7560975609756098,0.0
test_macro_f1,0.6928930968360498,0.0
n_seeds,1.0,0.0
