dataset,arm,seed,test_acc,test_macro_f1,wallclock_seconds
natops,e2,1,0.37777777777777777,0.2813354656283317,3.4243111610412598
