dataset,arm,seed,test_acc,test_macro_f1,wallclock_seconds
natops,e0,1,0.9944444444444445,0.9944429008057795,2.2112743854522705
