dataset,seed,mode,trajectory_len_mean,step_change_mean,local_curvature_proxy,classwise_dispersion,transition_separation_proxy,continuity_distortion_ratio
selfregulationscp1,1,baseline,8.0,1.1183780129276104,1.6809517945816268,0.8313723802566528,0.08121607452630997,1.0
selfregulationscp1,1,t2a_default,8.0,1.1227439363204426,1.6847907924533483,0.8363214433193207,0.08134962618350983,1.0077427068087528
selfregulationscp1,1,t3_shared_rebasis,8.0,1.1226126200227595,1.6846765792785,0.8361383676528931,0.08139226585626602,1.007518777960809
selfregulationscp1,1,t4b_window_radial_gate,8.0,1.1223800985147636,1.6898383512729551,0.8411502242088318,0.08217661827802658,1.004470080262996
selfregulationscp1,1,t7a_class_conditioned_rebasis,8.0,1.1184321201559324,1.6810093833439386,0.8273032009601593,0.08122715353965759,1.0001003305387637
natops,1,baseline,5.0,3.2731580204433866,4.577633928369592,6.626492102940877,0.861331582069397,1.0
natops,1,t2a_default,5.0,3.2733727627330356,4.577777869613082,6.478785753250122,0.8614986538887024,1.000136821937273
natops,1,t3_shared_rebasis,5.0,3.274394265369133,4.5782121071109065,6.4828150272369385,0.8628184795379639,1.0006977231210752
natops,1,t4b_window_radial_gate,5.0,3.267821672889921,4.563411209318373,6.4782945315043134,0.8351513147354126,1.000330804975176
natops,1,t7a_class_conditioned_rebasis,5.0,3.2731923584584837,4.577668045626746,6.476924498875936,0.8613431453704834,1.0000245920417659
