dataset,arm,seed,test_acc,test_macro_f1,wallclock_seconds
heartbeat,e0,1,0.2780487804878049,0.21755725190839695,0.35706448554992676
