dataset,n_total,n_train,n_val,n_test,C,T,n_classes,class_imbalance_ratio
atrialfibrillation,30,12,3,15,2,640,3,1.0
ering,300,24,6,270,4,65,6,1.0
handmovementdirection,234,128,32,74,10,400,4,1.2962962962962963
handwriting,1000,120,30,850,3,152,26,1.962962962962963
japanesevowels,640,216,54,370,12,26,9,2.185185185185185
natops,360,144,36,180,24,51,6,1.0
racketsports,303,120,31,152,6,30,4,1.2647058823529411
