dataset,seed,algo,base_f1,mba_f1,gain
natops,1,lraes,0.9107142857142857,0.9110122358175751,0.00029795010328936833
