dataset,arm,seed,test_acc,test_macro_f1,wallclock_seconds
natops,e0,1,0.9055555555555556,0.9018074686800155,4.366318225860596
