dataset,arm,seed,test_acc,test_macro_f1,wallclock_seconds
ering,e2,1,0.8851851851851852,0.8849747847891317,29.702399969100952
