dataset,arm,seed,test_acc,test_macro_f1,wallclock_seconds
selfregulationscp1,e2,1,0.8532423208191127,0.8520775363084545,21.991585969924927
