dataset,arm,seed,test_acc,test_macro_f1,wallclock_seconds
heartbeat,e2,1,0.5951219512195122,0.5773825786741512,48.95159959793091
