dataset,arm,seed,test_acc,test_macro_f1,wallclock_seconds
natops,e2,1,0.9444444444444444,0.9421952957947255,66.13707756996155
