subject,test_macro_acc,test_loss,train_seconds,wallclock_seconds,arm,seed
1,0.25,1.487686035533746,1.5448851585388184,2.6560966968536377,e0,1
