dataset,arm,seed,test_acc,test_macro_f1,wallclock_seconds
natops,e2,1,0.8111111111111111,0.7598645193683148,158.352707862854
