dataset,arm,seed,test_acc,test_macro_f1,wallclock_seconds
handwriting,e0,1,0.5882352941176471,0.5710882243037542,4.351016283035278
