dataset,arm,seed,test_acc,test_macro_f1,wallclock_seconds
selfregulationscp1,e0,1,0.8122866894197952,0.8083486947731462,5.6659111976623535
