dataset,config_id,seed,raw_test_macro_f1,base_pia_test_macro_f1,static_refined_test_macro_f1,risk_aware_test_macro_f1,delta_vs_raw,delta_vs_base_pia,delta_vs_static_refined
natops,risk_aware_axis2,1,0.7246165118439256,0.7294270910097308,0.7107662513839998,0.7104563121620723,-0.014160199681853336,-0.01897077884765852,-0.00030993922192756873
selfregulationscp1,risk_aware_axis2,1,0.733412653975364,0.5662295273066387,0.5631348429782872,0.5699207828518174,-0.16349187112354668,0.0036912555451786844,0.006785939873530156
