dataset,arm,seed,test_acc,test_macro_f1,wallclock_seconds
cricket,e2,1,0.9861111111111112,0.9860139860139862,114.44646096229553
