dataset,arm,seed,test_acc,test_macro_f1,wallclock_seconds
racketsports,e0,1,0.8947368421052632,0.9034883720930232,4.40171480178833
