subject,test_macro_acc,test_loss,train_seconds,wallclock_seconds,arm,seed
1,0.8263888888888888,0.4286503228876326,467.17590618133545,471.7753818035126,e0,1
