dataset,arm,seed,test_acc,test_macro_f1,wallclock_seconds
natops,e1,1,0.7388888888888889,0.7279562542720437,3.3531527519226074
