metric,mean,std
test_acc,0.9112627986348123,0.0
test_macro_f1,0.9108880778588808,0.0
n_seeds,1.0,0.0
