metric,mean,std
test_acc,0.9777777777777777,0.0
test_macro_f1,0.9777233464139016,0.0
n_seeds,1.0,0.0
