dataset,arm,seed,test_acc,test_macro_f1,wallclock_seconds
atrialfibrillation,e1,1,0.13333333333333333,0.10683760683760683,0.9161167144775391
