dataset,arm,seed,test_acc,test_macro_f1,wallclock_seconds
natops,e2,1,0.9777777777777777,0.977562386458038,85.00912594795227
