dataset,arm,seed,test_acc,test_macro_f1,wallclock_seconds
natops,e0,1,0.4166666666666667,0.34309954751131216,0.7860355377197266
