dataset,arm,seed,test_acc,test_macro_f1,wallclock_seconds
epilepsy,e1,1,0.9782608695652174,0.978856462179869,2.500804901123047
