dataset,arm,seed,test_acc,test_macro_f1,wallclock_seconds
heartbeat,e0,1,0.36585365853658536,0.34450019677292404,4.947374105453491
