dataset,arm,seed,test_acc,test_macro_f1,wallclock_seconds
pendigits,e1,1,0.9905660377358491,0.9904952416051767,49.54788613319397
