dataset,arm,seed,test_acc,test_macro_f1,wallclock_seconds
epilepsy,e2,1,0.9782608695652174,0.978856462179869,51.147260665893555
