subject,test_macro_acc,test_loss,train_seconds,wallclock_seconds,arm,seed
1,0.8402777777777778,0.4258231424933506,477.59087109565735,482.19412088394165,e0,1
2,0.5694444444444444,1.5099311284720898,477.4054665565491,481.9961144924164,e0,1
3,0.875,0.41709261584199137,477.5353591442108,482.1347348690033,e0,1
4,0.6701388888888888,0.915984420519736,476.17694425582886,480.7613756656647,e0,1
5,0.59375,1.3197476414756641,475.7679965496063,480.3473553657532,e0,1
6,0.46875,1.7185637599064245,475.9326994419098,480.5268325805664,e0,1
7,0.8576388888888888,0.41961141468750107,475.9475965499878,480.5353219509125,e0,1
8,0.78125,0.7205246247661611,475.61073112487793,480.18981313705444,e0,1
9,0.7361111111111112,0.7826290933622254,475.5112524032593,480.110298871994,e0,1
