subject,test_macro_acc,test_loss,train_seconds,wallclock_seconds,arm,seed
1,0.4826388888888889,1.4142131337958073,63.65014600753784,116.52294993400574,e2,1
