dataset,arm,seed,test_acc,test_macro_f1,wallclock_seconds
har,e0,1,0.9433322022395657,0.9435555421365946,39.2533802986145
