dataset,arm,seed,test_acc,test_macro_f1,wallclock_seconds
natops,e2,1,0.9388888888888889,0.9367263333888004,97.36095237731934
