dataset,arm,seed,test_acc,test_macro_f1,wallclock_seconds
natops,e2,1,0.9444444444444444,0.944550682368479,176.2731809616089
