dataset,arm,seed,test_acc,test_macro_f1,wallclock_seconds
selfregulationscp1,e2,1,0.8020477815699659,0.7972656995609849,54.304946184158325
