dataset,arm,seed,test_acc,test_macro_f1,wallclock_seconds
epilepsy,e2,1,0.9855072463768116,0.9858452950558214,58.567819118499756
